{
    "name": "Danique",
    "language": "nl",
    "gender": "F",
    "file": "danique.ogg",
    "sprite": {
        "auditorium01": [
            0,
            737.9591836734694
        ],
        "auditorium02": [
            1200,
            820.340136054422
        ],
        "auditorium03": [
            2400.0000000000005,
            677.482993197279
        ],
        "auditorium04": [
            3600.0000000000005,
            822.6530612244902
        ],
        "auditorium05": [
            4800.000000000001,
            810.5442176870747
        ],
        "auditorium06": [
            6000.000000000001,
            795.4875283446717
        ],
        "auditorium07": [
            7200.000000000001,
            926.8027210884355
        ],
        "auditorium08": [
            8400,
            871.0430839002274
        ],
        "auditorium09": [
            9600.000000000002,
            941.8820861677997
        ],
        "rooftop": [
            10800,
            689.569160997733
        ],
        "credits": [
            12000.000000000002,
            786.3718820861685
        ],
        "endshow": [
            13200.000000000004,
            1149.2743764172335
        ],
        "start": [
            15400.000000000002,
            520.2040816326523
        ]
    }
}