{
    "name": "Gerwim",
    "language": "nl",
    "gender": "M",
    "file": "gerwim.ogg",
    "sprite": {
        "auditorium01": [
            0,
            824.9659863945578
        ],
        "auditorium02": [
            1200,
            870.907029478458
        ],
        "auditorium03": [
            2400,
            790.2040816326532
        ],
        "auditorium04": [
            3600,
            886.825396825397
        ],
        "auditorium05": [
            4800,
            838.526077097506
        ],
        "auditorium06": [
            6000,
            866.7573696145121
        ],
        "auditorium07": [
            7199.999999999999,
            987.7777777777776
        ],
        "auditorium10": [
            8399.999999999998,
            665.6689342403635
        ],
        "credits": [
            9600,
            936.5532879818588
        ],
        "start": [
            10799.999999999998,
            638.9342403628114
        ]
    }
}
