{
    "name": "Quinten",
    "language": "nl",
    "gender": "M",
    "file": "quinten.ogg",
    "sprite": {
        "almost": [
            0,
            484.80725623582765
        ],
        "attention": [
            1200,
            602.7437641723357
        ],
        "auditorium01": [
            2400.0000000000005,
            743.7414965986395
        ],
        "auditorium02": [
            3600.0000000000005,
            756.575963718821
        ],
        "auditorium03": [
            4800.000000000001,
            732.0861678004533
        ],
        "auditorium04": [
            6000.000000000001,
            725.6235827664401
        ],
        "auditorium05": [
            7200.000000000001,
            846.4852607709759
        ],
        "auditorium06": [
            8400.000000000002,
            790.9297052154187
        ],
        "auditorium07": [
            9600.000000000002,
            939.3877551020413
        ],
        "auditorium08": [
            10800.000000000002,
            841.7006802721083
        ],
        "auditorium09": [
            12000.000000000002,
            1026.190476190477
        ],
        "auditorium10": [
            14200.000000000004,
            711.0204081632645
        ],
        "auditorium11": [
            15400.000000000002,
            863.2653061224503
        ],
        "auditorium12": [
            16600.000000000004,
            1008.8208616780037
        ],
        "auditorium13": [
            18800.000000000004,
            869.6371882086175
        ],
        "auditorium14": [
            20000.000000000004,
            961.0430839002255
        ],
        "auditorium15": [
            21200.000000000004,
            1017.5283446712023
        ],
        "auditorium16": [
            23400.000000000004,
            1057.664399092971
        ],
        "auditorium17": [
            25600,
            1032.1315192743762
        ],
        "auditorium18": [
            27800,
            958.7074829931978
        ],
        "auditorium19": [
            29000,
            1050.8616780045336
        ],
        "auditorium20": [
            31200,
            1045.6462585033996
        ],
        "credits": [
            33400,
            690.6122448979559
        ],
        "end": [
            34599.99999999999,
            391.76870748299564
        ],
        "endshow": [
            35800,
            1004.1723356009059
        ],
        "event": [
            37999.99999999999,
            655.487528344672
        ],
        "final": [
            39199.99999999999,
            450.4081632653083
        ],
        "finalshow": [
            40400,
            1056.1904761904727
        ],
        "intermission": [
            42599.99999999999,
            568.7301587301619
        ],
        "mainshow": [
            43800,
            650.6802721088434
        ],
        "show": [
            45000,
            720.7029478458082
        ],
        "start": [
            46200,
            507.61904761904475
        ],
        "startmainshow": [
            47400,
            1155.2607709750546
        ],
        "startpreshow": [
            49599.99999999999,
            1171.224489795918
        ]
    }
}
