{
    "name": "Rosetta",
    "language": "nl",
    "gender": "F",
    "file": "rosetta.ogg",
    "sprite": {
        "auditorium01": [
            0,
            937.0294784580499
        ],
        "auditorium02": [
            1200,
            982.9931972789117
        ],
        "auditorium03": [
            2400,
            863.6281179138323
        ],
        "auditorium04": [
            3600,
            1022.8571428571427
        ],
        "auditorium05": [
            5800,
            1023.1065759637188
        ],
        "auditorium06": [
            8000,
            1016.2585034013603
        ],
        "auditorium07": [
            10200,
            1187.2335600907036
        ],
        "auditorium08": [
            12400,
            1109.2290249433106
        ],
        "auditorium09": [
            14600,
            1185.2154195011337
        ],
        "auditorium10": [
            16800,
            959.9773242630398
        ],
        "auditorium11": [
            18000.000000000004,
            1122.6077097505681
        ],
        "auditorium12": [
            20200.000000000004,
            1185.8049886621309
        ],
        "auditorium13": [
            22400.000000000004,
            1159.6825396825388
        ],
        "auditorium14": [
            24600,
            1169.5918367346926
        ],
        "auditorium15": [
            26800,
            1240.1360544217682
        ],
        "auditorium16": [
            29000,
            1161.0884353741503
        ],
        "auditorium17": [
            31200,
            1213.2426303854907
        ],
        "auditorium18": [
            33400.00000000001,
            1123.990929705215
        ],
        "auditorium19": [
            35600.00000000001,
            1342.7664399092976
        ],
        "auditorium20": [
            37800.000000000015,
            1263.8321995464848
        ],
        "credits": [
            44200.000000000015,
            924.7165532879791
        ],
        "endshow": [
            45400.000000000015,
            1289.478458049885
        ],
        "startmainshow": [
            47600.00000000001,
            1445.963718820863
        ],
        "startpreshow": [
            49800.000000000015,
            1364.3990929705226
        ],
        "start": [
            52000.000000000015,
            686.9841269841288
        ]
    }
}
